股票代码,名称,最新价,涨跌幅,成交额,candidate_reasons,candidate_score
301716,N鸿富诚,578.88,653.162,6231355537.0,CORE_POOL|TOP_AMOUNT|TOP_GAIN,9
300308,中际旭创,813.01,-0.244,13099145541.0,WINDVANE|TOP_AMOUNT,8
300502,新易盛,392.91,-1.699,10061899943.0,WINDVANE|TOP_AMOUNT,8
688825,长鑫科技,55.55,3.253,8202052877.0,WINDVANE|TOP_AMOUNT,8
603986,兆易创新,367.57,2.527,7587701015.0,WINDVANE|TOP_AMOUNT,8
300394,天孚通信,255.99,4.571,7359507759.0,WINDVANE|TOP_AMOUNT,8
002384,东山精密,171.21,1.741,6157783215.0,WINDVANE|TOP_AMOUNT,8
300570,太辰光,216.2,6.834,3472660915.0,WINDVANE|TOP_GAIN,7
000002,万 科Ａ,4.08,9.973,3176619108.0,CORE_POOL|TOP_GAIN,6
000823,超声电子,24.4,10.009,2748775889.0,CORE_POOL|TOP_GAIN,6
600487,亨通光电,57.11,-5.821,11344313714.0,TOP_AMOUNT|TOP_LOSS,5
600183,生益科技,132.98,0.781,4812206364.0,WINDVANE,5
300476,胜宏科技,216.76,1.527,3901661332.0,WINDVANE,5
002463,沪电股份,119.07,1.596,3054806184.0,WINDVANE,5
603083,剑桥科技,201.1,1.89,2977390940.0,WINDVANE,5
603228,景旺电子,100.53,5.821,2840350162.0,WINDVANE,5
001309,德明利,372.2,0.248,2653555051.0,WINDVANE,5
300684,中石科技,,,,WINDVANE,5
000560,我爱我家,3.76,1.348,3044448538.0,CORE_POOL,4
300750,宁德时代,286.8,-1.777,8608636254.0,TOP_AMOUNT,3
688256,寒武纪,1046.0,2.549,7339177495.0,TOP_AMOUNT,3
688008,澜起科技,212.6,1.918,5996162940.0,TOP_AMOUNT,3
600418,江淮汽车,26.04,3.251,5815861568.0,TOP_AMOUNT,3
000725,京东方Ａ,5.71,-1.552,5032126577.0,TOP_AMOUNT,3
688498,源杰科技,1638.5,2.958,5005963868.0,TOP_AMOUNT,3
603259,药明康德,160.66,-0.705,4927714396.0,TOP_AMOUNT,3
300450,先导智能,33.76,8.205,3150643895.0,TOP_GAIN,2
603773,沃格光电,90.6,-9.391,3132975545.0,TOP_LOSS,2
600172,黄河旋风,14.9,-9.697,2991180095.0,TOP_LOSS,2
001389,广合科技,191.84,8.024,2803885446.0,TOP_GAIN,2
688432,有研硅,49.16,-7.507,2784706612.0,TOP_LOSS,2
002119,康强电子,28.27,-4.847,2658653399.0,TOP_LOSS,2
600707,彩虹股份,9.57,-7.803,2579378337.0,TOP_LOSS,2
600601,方正科技,13.72,6.605,2576180393.0,TOP_GAIN,2
688205,德科立,207.19,8.335,2187485238.0,TOP_GAIN,2
601091,沈鼓集团,25.19,-9.094,2176461260.0,TOP_LOSS,2
600699,均胜电子,22.75,-5.287,2123580780.0,TOP_LOSS,2
