指数,代码,时间,开盘,最高,最低,收盘,成交量,成交额
上证指数,sh000001,2026-09-28 09:35:00,3878.409,3878.409,3867.339,3868.242,5324455300,90262503424.0000
上证指数,sh000001,2026-09-28 09:40:00,3868.659,3868.659,3857.463,3857.706,3037351700,55332192256.0000
上证指数,sh000001,2026-09-28 09:45:00,3857.246,3859.891,3853.697,3857.022,2225413900,42454777856.0000
上证指数,sh000001,2026-09-28 09:50:00,3856.761,3862.083,3850.507,3850.507,2025975000,37483741184.0000
上证指数,sh000001,2026-09-28 09:55:00,3851.218,3855.562,3848.889,3850.044,1691733700,30840881152.0000
上证指数,sh000001,2026-09-28 10:00:00,3849.571,3851.322,3843.201,3843.477,1297704000,26104709120.0000
上证指数,sh000001,2026-09-28 10:05:00,3843.421,3846.005,3840.387,3846.005,1389393100,25728024576.0000
上证指数,sh000001,2026-09-28 10:10:00,3846.410,3847.027,3840.957,3845.502,1156310900,20171227136.0000
上证指数,sh000001,2026-09-28 10:15:00,3845.514,3846.274,3841.155,3841.347,1025306400,17904533504.0000
上证指数,sh000001,2026-09-28 10:20:00,3841.287,3841.758,3831.658,3832.334,1225162500,21879685120.0000
上证指数,sh000001,2026-09-28 10:25:00,3832.358,3836.887,3831.518,3832.131,894966700,16857104384.0000
上证指数,sh000001,2026-09-28 10:30:00,3831.731,3833.220,3828.623,3828.623,844528400,13667500032.0000
上证指数,sh000001,2026-09-28 10:35:00,3828.509,3828.798,3820.990,3820.990,1040462000,18359287808.0000
上证指数,sh000001,2026-09-28 10:40:00,3820.557,3821.699,3817.171,3817.247,851691400,17013506048.0000
上证指数,sh000001,2026-09-28 10:45:00,3817.037,3819.512,3815.171,3815.946,906935100,17323425792.0000
上证指数,sh000001,2026-09-28 10:50:00,3815.781,3821.523,3814.999,3821.523,751812900,14761984000.0000
上证指数,sh000001,2026-09-28 10:55:00,3821.633,3826.010,3821.633,3823.404,721617700,12959416320.0000
上证指数,sh000001,2026-09-28 11:00:00,3823.400,3823.400,3812.742,3815.870,716181900,13087244288.0000
上证指数,sh000001,2026-09-28 11:05:00,3815.941,3828.224,3815.941,3828.224,663005300,12175278080.0000
上证指数,sh000001,2026-09-28 11:10:00,3828.354,3830.334,3824.352,3824.352,555965000,10349510656.0000
上证指数,sh000001,2026-09-28 11:15:00,3824.405,3827.529,3821.992,3822.861,482792400,8791785472.0000
上证指数,sh000001,2026-09-28 11:20:00,3822.358,3822.358,3817.068,3817.235,502300100,9572581376.0000
上证指数,sh000001,2026-09-28 11:25:00,3817.274,3821.746,3816.416,3819.575,441622600,7930216448.0000
上证指数,sh000001,2026-09-28 11:30:00,3820.283,3820.983,3816.885,3820.819,387575000,7237828608.0000
上证指数,sh000001,2026-09-28 13:05:00,3821.415,3831.829,3821.415,3829.463,920296900,15735914496.0000
上证指数,sh000001,2026-09-28 13:10:00,3828.883,3831.406,3822.653,3831.390,552588300,9772531712.0000
上证指数,sh000001,2026-09-28 13:15:00,3831.293,3831.467,3821.962,3823.010,455210800,8199340032.0000
上证指数,sh000001,2026-09-28 13:20:00,3823.377,3823.666,3817.291,3817.365,542232600,9067167744.0000
上证指数,sh000001,2026-09-28 13:25:00,3817.794,3817.819,3814.890,3815.214,514447300,9034530816.0000
上证指数,sh000001,2026-09-28 13:30:00,3815.487,3819.337,3814.703,3817.020,481588500,8166047744.0000
上证指数,sh000001,2026-09-28 13:35:00,3816.586,3816.814,3812.476,3813.578,507163900,9176940544.0000
上证指数,sh000001,2026-09-28 13:40:00,3813.729,3813.729,3808.032,3808.238,531172200,9206693888.0000
上证指数,sh000001,2026-09-28 13:45:00,3808.491,3811.217,3806.671,3811.200,566367100,9265086464.0000
上证指数,sh000001,2026-09-28 13:50:00,3811.988,3814.088,3811.397,3811.882,443044300,7754809344.0000
上证指数,sh000001,2026-09-28 13:55:00,3811.875,3815.004,3811.115,3813.221,411719400,7372144640.0000
上证指数,sh000001,2026-09-28 14:00:00,3813.743,3816.255,3811.200,3816.255,474640200,7492599808.0000
上证指数,sh000001,2026-09-28 14:05:00,3816.434,3821.610,3813.536,3821.075,556350200,9470279680.0000
上证指数,sh000001,2026-09-28 14:10:00,3820.676,3825.964,3820.155,3824.811,521427900,9218228224.0000
上证指数,sh000001,2026-09-28 14:15:00,3824.700,3831.979,3824.330,3831.777,746871200,11851137024.0000
上证指数,sh000001,2026-09-28 14:20:00,3832.261,3836.225,3830.745,3830.745,757077700,12015763456.0000
上证指数,sh000001,2026-09-28 14:25:00,3830.487,3836.216,3829.014,3833.409,540105600,9091416064.0000
上证指数,sh000001,2026-09-28 14:30:00,3832.844,3832.844,3823.143,3824.312,598472100,9598271488.0000
上证指数,sh000001,2026-09-28 14:35:00,3824.174,3826.353,3823.283,3825.292,563231700,9605152768.0000
上证指数,sh000001,2026-09-28 14:40:00,3825.310,3827.438,3823.813,3824.213,579436300,10001776640.0000
上证指数,sh000001,2026-09-28 14:45:00,3824.431,3828.719,3822.480,3825.248,721454900,12643991552.0000
上证指数,sh000001,2026-09-28 14:50:00,3825.299,3827.770,3823.814,3825.451,815351000,14608367616.0000
上证指数,sh000001,2026-09-28 14:55:00,3825.165,3825.234,3821.771,3822.611,1135034000,19493224448.0000
上证指数,sh000001,2026-09-28 15:00:00,3822.324,3823.621,3821.431,3823.621,1139520400,18453364736.0000
深证成指,sz399001,2026-09-28 09:35:00,13265.786,13267.651,13173.113,13173.113,1638697410,40915902464.0000
深证成指,sz399001,2026-09-28 09:40:00,13170.672,13170.672,13103.595,13104.570,1016611237,29098606592.0000
深证成指,sz399001,2026-09-28 09:45:00,13100.835,13107.436,13068.739,13076.608,752090425,22235103232.0000
深证成指,sz399001,2026-09-28 09:50:00,13075.930,13102.854,13026.670,13026.777,731494618,21208784896.0000
深证成指,sz399001,2026-09-28 09:55:00,13026.965,13056.967,13016.182,13028.900,606382793,17475936256.0000
深证成指,sz399001,2026-09-28 10:00:00,13028.297,13041.413,13000.157,13000.157,477542173,14253154304.0000
深证成指,sz399001,2026-09-28 10:05:00,12997.841,13030.479,12988.757,13030.479,490253427,13691437056.0000
深证成指,sz399001,2026-09-28 10:10:00,13033.135,13034.674,12993.832,13029.425,406110063,10477797376.0000
深证成指,sz399001,2026-09-28 10:15:00,13031.383,13031.383,12993.939,12997.939,361639215,9095970816.0000
深证成指,sz399001,2026-09-28 10:20:00,12996.562,12996.562,12948.015,12949.668,463167778,12610797568.0000
深证成指,sz399001,2026-09-28 10:25:00,12951.350,12974.324,12947.407,12953.674,353356573,9656696832.0000
深证成指,sz399001,2026-09-28 10:30:00,12953.702,12965.635,12940.292,12940.292,301260767,7750713344.0000
深证成指,sz399001,2026-09-28 10:35:00,12939.162,12939.736,12899.434,12899.625,379893529,10974969856.0000
深证成指,sz399001,2026-09-28 10:40:00,12899.366,12899.366,12865.933,12865.933,366075062,11239211008.0000
深证成指,sz399001,2026-09-28 10:45:00,12865.371,12880.018,12856.861,12859.161,319802063,10279895040.0000
深证成指,sz399001,2026-09-28 10:50:00,12857.913,12877.602,12853.991,12877.602,274802625,8836169728.0000
深证成指,sz399001,2026-09-28 10:55:00,12878.960,12897.878,12872.606,12886.493,245057257,7391297536.0000
深证成指,sz399001,2026-09-28 11:00:00,12880.910,12880.910,12833.449,12844.652,269441235,8269758464.0000
深证成指,sz399001,2026-09-28 11:05:00,12847.637,12907.734,12847.637,12904.668,264395254,7215038464.0000
深证成指,sz399001,2026-09-28 11:10:00,12904.548,12915.380,12876.474,12876.624,215029338,6330449920.0000
深证成指,sz399001,2026-09-28 11:15:00,12878.482,12895.348,12862.930,12862.930,173975739,5221679104.0000
深证成指,sz399001,2026-09-28 11:20:00,12862.091,12862.091,12840.363,12844.056,185388363,5984059392.0000
深证成指,sz399001,2026-09-28 11:25:00,12844.182,12874.192,12838.871,12863.334,156217890,4436852736.0000
深证成指,sz399001,2026-09-28 11:30:00,12864.149,12868.382,12849.462,12868.282,139920148,3691085824.0000
深证成指,sz399001,2026-09-28 13:05:00,12870.826,12925.005,12870.826,12907.494,293658381,8529838080.0000
深证成指,sz399001,2026-09-28 13:10:00,12906.418,12924.163,12871.891,12923.912,206106071,5317787648.0000
深证成指,sz399001,2026-09-28 13:15:00,12924.618,12924.618,12869.648,12878.128,163123126,4576804864.0000
深证成指,sz399001,2026-09-28 13:20:00,12880.826,12886.100,12842.232,12843.458,212017645,5539004416.0000
深证成指,sz399001,2026-09-28 13:25:00,12842.582,12842.582,12824.621,12827.621,200530067,5719654400.0000
深证成指,sz399001,2026-09-28 13:30:00,12826.621,12850.393,12825.492,12834.723,183306669,4640276480.0000
深证成指,sz399001,2026-09-28 13:35:00,12834.321,12837.054,12819.541,12829.720,175440540,4820893696.0000
深证成指,sz399001,2026-09-28 13:40:00,12829.124,12830.747,12802.884,12806.458,185792991,5386436608.0000
深证成指,sz399001,2026-09-28 13:45:00,12805.113,12824.217,12801.202,12824.217,188709857,5089755136.0000
深证成指,sz399001,2026-09-28 13:50:00,12822.083,12836.331,12819.832,12824.704,163452633,4406411264.0000
深证成指,sz399001,2026-09-28 13:55:00,12824.656,12841.913,12824.204,12838.145,160755149,4218322944.0000
深证成指,sz399001,2026-09-28 14:00:00,12837.934,12847.749,12824.403,12847.749,161563078,4466409472.0000
深证成指,sz399001,2026-09-28 14:05:00,12847.950,12874.200,12826.505,12869.703,208336392,6010634240.0000
深证成指,sz399001,2026-09-28 14:10:00,12869.452,12891.009,12862.355,12885.694,190481968,5320671232.0000
深证成指,sz399001,2026-09-28 14:15:00,12884.250,12929.968,12884.250,12929.968,248696937,6694076416.0000
深证成指,sz399001,2026-09-28 14:20:00,12931.470,12941.779,12907.546,12907.546,278530537,6945374208.0000
深证成指,sz399001,2026-09-28 14:25:00,12906.050,12928.413,12894.817,12908.349,212568787,5320769536.0000
深证成指,sz399001,2026-09-28 14:30:00,12906.986,12906.986,12864.463,12869.768,211910449,5300944896.0000
深证成指,sz399001,2026-09-28 14:35:00,12870.005,12873.379,12861.043,12872.048,200705450,5229117440.0000
深证成指,sz399001,2026-09-28 14:40:00,12872.601,12880.794,12865.618,12866.545,204840154,5512953856.0000
深证成指,sz399001,2026-09-28 14:45:00,12865.539,12886.539,12856.929,12867.089,255624277,7113342976.0000
深证成指,sz399001,2026-09-28 14:50:00,12867.081,12878.232,12861.437,12865.004,298767242,7994376192.0000
深证成指,sz399001,2026-09-28 14:55:00,12863.417,12863.836,12852.952,12855.496,404491001,10587308032.0000
深证成指,sz399001,2026-09-28 15:00:00,12855.048,12859.720,12852.799,12858.753,399186836,9644638208.0000
创业板指,sz399006,2026-09-28 09:35:00,3267.602,3270.810,3236.595,3236.595,1687169739,45149188096.0000
创业板指,sz399006,2026-09-28 09:40:00,3235.758,3235.758,3215.580,3217.941,1091346159,30469042176.0000
创业板指,sz399006,2026-09-28 09:45:00,3216.537,3219.415,3204.770,3209.239,819979054,23193395200.0000
创业板指,sz399006,2026-09-28 09:50:00,3209.077,3218.124,3193.270,3194.726,702065849,21016035328.0000
创业板指,sz399006,2026-09-28 09:55:00,3194.605,3203.088,3189.448,3193.454,591328088,17176158208.0000
创业板指,sz399006,2026-09-28 10:00:00,3192.884,3198.240,3184.081,3184.081,472794461,13748215808.0000
创业板指,sz399006,2026-09-28 10:05:00,3183.124,3195.257,3182.809,3195.257,448446505,13488111616.0000
创业板指,sz399006,2026-09-28 10:10:00,3196.149,3197.106,3184.062,3197.106,375337365,10577182720.0000
创业板指,sz399006,2026-09-28 10:15:00,3197.526,3197.526,3186.195,3189.628,330990226,9185837056.0000
创业板指,sz399006,2026-09-28 10:20:00,3188.728,3188.728,3174.833,3175.651,383169555,11324604416.0000
创业板指,sz399006,2026-09-28 10:25:00,3176.141,3185.023,3174.699,3178.697,319744770,9080373248.0000
创业板指,sz399006,2026-09-28 10:30:00,3178.750,3184.375,3174.927,3174.927,260333677,7184957440.0000
创业板指,sz399006,2026-09-28 10:35:00,3174.277,3175.113,3162.893,3163.273,337985509,9945923584.0000
创业板指,sz399006,2026-09-28 10:40:00,3163.235,3163.235,3151.487,3151.487,295396493,9726246912.0000
创业板指,sz399006,2026-09-28 10:45:00,3151.397,3156.789,3148.102,3148.466,308028108,9123282944.0000
创业板指,sz399006,2026-09-28 10:50:00,3147.989,3152.252,3146.185,3151.905,242714834,7831814144.0000
创业板指,sz399006,2026-09-28 10:55:00,3152.403,3156.538,3148.941,3151.642,226002832,6828277760.0000
创业板指,sz399006,2026-09-28 11:00:00,3150.145,3150.145,3136.445,3140.468,201229363,6809993216.0000
创业板指,sz399006,2026-09-28 11:05:00,3141.414,3158.771,3141.414,3156.995,223645673,6732988416.0000
创业板指,sz399006,2026-09-28 11:10:00,3157.119,3161.266,3148.205,3148.648,187122260,5862162432.0000
创业板指,sz399006,2026-09-28 11:15:00,3149.386,3154.536,3143.002,3143.002,159829878,4921393152.0000
创业板指,sz399006,2026-09-28 11:20:00,3142.844,3143.084,3136.103,3138.271,157225931,5429133312.0000
创业板指,sz399006,2026-09-28 11:25:00,3138.182,3148.619,3136.699,3144.620,141764559,4235558912.0000
创业板指,sz399006,2026-09-28 11:30:00,3145.071,3147.308,3140.356,3146.900,117360868,3462299648.0000
创业板指,sz399006,2026-09-28 13:05:00,3147.630,3164.508,3147.630,3158.800,272012258,7936770048.0000
创业板指,sz399006,2026-09-28 13:10:00,3158.515,3163.204,3147.132,3162.842,191716589,5358354432.0000
创业板指,sz399006,2026-09-28 13:15:00,3163.204,3163.204,3146.081,3149.657,151351569,4423974912.0000
创业板指,sz399006,2026-09-28 13:20:00,3150.487,3152.434,3136.926,3138.379,164917491,5040177152.0000
创业板指,sz399006,2026-09-28 13:25:00,3138.101,3138.101,3131.898,3132.770,166165376,4973527040.0000
创业板指,sz399006,2026-09-28 13:30:00,3132.500,3140.002,3132.077,3134.922,156636558,4373053440.0000
创业板指,sz399006,2026-09-28 13:35:00,3134.782,3136.135,3130.409,3133.334,158298776,4516872192.0000
创业板指,sz399006,2026-09-28 13:40:00,3133.285,3134.300,3125.201,3126.778,153310945,4898095104.0000
创业板指,sz399006,2026-09-28 13:45:00,3126.352,3132.070,3125.322,3132.070,152538813,4627300352.0000
创业板指,sz399006,2026-09-28 13:50:00,3131.091,3135.451,3129.375,3130.836,144105818,4191518720.0000
创业板指,sz399006,2026-09-28 13:55:00,3130.889,3136.478,3130.586,3136.478,132805275,3945791488.0000
创业板指,sz399006,2026-09-28 14:00:00,3136.188,3138.316,3130.803,3138.316,138862509,4095639552.0000
创业板指,sz399006,2026-09-28 14:05:00,3138.453,3146.568,3130.819,3145.139,176688501,5207654400.0000
创业板指,sz399006,2026-09-28 14:10:00,3144.919,3151.183,3142.446,3148.253,174944854,5053251584.0000
创业板指,sz399006,2026-09-28 14:15:00,3147.708,3163.045,3147.708,3163.045,221085772,6445301760.0000
创业板指,sz399006,2026-09-28 14:20:00,3163.442,3165.198,3154.834,3154.834,265434315,6411288576.0000
创业板指,sz399006,2026-09-28 14:25:00,3154.438,3160.914,3150.195,3154.437,176885394,4788912128.0000
创业板指,sz399006,2026-09-28 14:30:00,3153.800,3153.800,3141.278,3142.825,193843499,5127241728.0000
创业板指,sz399006,2026-09-28 14:35:00,3143.181,3144.327,3140.102,3144.327,190031015,5132025856.0000
创业板指,sz399006,2026-09-28 14:40:00,3144.494,3146.776,3141.508,3141.929,208000952,5471666176.0000
创业板指,sz399006,2026-09-28 14:45:00,3141.542,3148.628,3139.155,3142.580,268434474,7092862976.0000
创业板指,sz399006,2026-09-28 14:50:00,3142.738,3145.855,3140.299,3140.961,284134866,7860256768.0000
创业板指,sz399006,2026-09-28 14:55:00,3140.626,3140.626,3137.572,3138.529,407852570,10787454976.0000
创业板指,sz399006,2026-09-28 15:00:00,3138.612,3139.917,3137.769,3139.825,385604415,10118955008.0000
科创50,sh000688,2026-09-28 09:35:00,1610.918,1610.918,1599.749,1599.749,59346500,6904465408.0000
科创50,sh000688,2026-09-28 09:40:00,1599.323,1599.323,1587.577,1587.611,39958000,4670562304.0000
科创50,sh000688,2026-09-28 09:45:00,1587.363,1592.494,1585.534,1589.849,36329300,3778021376.0000
科创50,sh000688,2026-09-28 09:50:00,1590.450,1595.750,1588.048,1590.196,31247300,3350136832.0000
科创50,sh000688,2026-09-28 09:55:00,1590.079,1594.866,1587.818,1587.857,23086500,3140454400.0000
科创50,sh000688,2026-09-28 10:00:00,1587.772,1591.342,1579.133,1579.199,21159400,2602860544.0000
科创50,sh000688,2026-09-28 10:05:00,1579.268,1580.961,1575.451,1579.919,23375700,2758801408.0000
科创50,sh000688,2026-09-28 10:10:00,1580.459,1584.675,1575.133,1583.920,17549600,2101301248.0000
科创50,sh000688,2026-09-28 10:15:00,1584.310,1585.164,1577.679,1577.963,14836000,1669969920.0000
科创50,sh000688,2026-09-28 10:20:00,1577.847,1578.026,1571.460,1571.604,20692900,2003503104.0000
科创50,sh000688,2026-09-28 10:25:00,1572.010,1575.492,1569.771,1570.625,15780800,1696786432.0000
科创50,sh000688,2026-09-28 10:30:00,1570.941,1575.470,1569.645,1569.645,14165200,1323569152.0000
科创50,sh000688,2026-09-28 10:35:00,1569.512,1569.862,1561.807,1561.807,18242500,2125553664.0000
科创50,sh000688,2026-09-28 10:40:00,1561.709,1562.531,1557.732,1557.732,17660800,1792884736.0000
科创50,sh000688,2026-09-28 10:45:00,1557.491,1559.994,1555.561,1555.561,18629900,1896689664.0000
科创50,sh000688,2026-09-28 10:50:00,1555.423,1559.118,1554.557,1558.491,16758800,1828257792.0000
科创50,sh000688,2026-09-28 10:55:00,1558.436,1560.147,1556.849,1557.294,13130600,1505144832.0000
科创50,sh000688,2026-09-28 11:00:00,1556.503,1556.503,1548.948,1551.531,15322900,2107359232.0000
科创50,sh000688,2026-09-28 11:05:00,1551.928,1562.536,1551.928,1561.280,13051000,1431994368.0000
科创50,sh000688,2026-09-28 11:10:00,1561.845,1565.381,1558.086,1558.086,11087000,1166667776.0000
科创50,sh000688,2026-09-28 11:15:00,1557.604,1562.109,1556.278,1557.072,9357600,1005015040.0000
科创50,sh000688,2026-09-28 11:20:00,1556.457,1557.068,1552.371,1553.363,10259800,1069854720.0000
科创50,sh000688,2026-09-28 11:25:00,1553.344,1559.160,1552.680,1555.687,8732500,932495360.0000
科创50,sh000688,2026-09-28 11:30:00,1556.402,1557.556,1553.150,1557.067,8141100,953348096.0000
科创50,sh000688,2026-09-28 13:05:00,1557.940,1568.869,1557.940,1567.353,15418200,1756712960.0000
科创50,sh000688,2026-09-28 13:10:00,1567.347,1570.605,1560.097,1570.319,13288000,1165012992.0000
科创50,sh000688,2026-09-28 13:15:00,1570.433,1571.278,1560.164,1561.668,9612700,913203200.0000
科创50,sh000688,2026-09-28 13:20:00,1562.687,1563.876,1555.543,1557.324,9044700,852680704.0000
科创50,sh000688,2026-09-28 13:25:00,1557.684,1557.808,1553.241,1554.188,9318500,870895616.0000
科创50,sh000688,2026-09-28 13:30:00,1554.228,1557.064,1553.378,1553.677,8699900,762544128.0000
科创50,sh000688,2026-09-28 13:35:00,1553.845,1554.538,1551.373,1553.451,7636500,895852544.0000
科创50,sh000688,2026-09-28 13:40:00,1553.529,1553.825,1549.140,1549.465,10378500,904278016.0000
科创50,sh000688,2026-09-28 13:45:00,1549.988,1552.694,1549.253,1552.586,12717600,945348608.0000
科创50,sh000688,2026-09-28 13:50:00,1553.078,1555.044,1550.725,1551.569,9111500,878923776.0000
科创50,sh000688,2026-09-28 13:55:00,1551.726,1555.616,1551.370,1552.957,7143700,753713152.0000
科创50,sh000688,2026-09-28 14:00:00,1552.774,1554.221,1550.402,1554.221,8867700,888266752.0000
科创50,sh000688,2026-09-28 14:05:00,1554.570,1559.277,1550.539,1558.779,10289300,1028341760.0000
科创50,sh000688,2026-09-28 14:10:00,1558.285,1564.281,1558.209,1563.623,9336300,1004511232.0000
科创50,sh000688,2026-09-28 14:15:00,1563.276,1569.858,1563.198,1569.858,12885300,1284468736.0000
科创50,sh000688,2026-09-28 14:20:00,1569.949,1572.281,1566.436,1566.436,10653900,1110876160.0000
科创50,sh000688,2026-09-28 14:25:00,1566.382,1569.179,1563.179,1565.683,10026300,949092352.0000
科创50,sh000688,2026-09-28 14:30:00,1564.918,1564.953,1557.996,1558.751,9814200,1038819328.0000
科创50,sh000688,2026-09-28 14:35:00,1558.880,1559.410,1556.562,1558.699,9899100,1028636672.0000
科创50,sh000688,2026-09-28 14:40:00,1558.884,1560.816,1556.839,1556.906,8692800,967589888.0000
科创50,sh000688,2026-09-28 14:45:00,1556.809,1559.241,1554.624,1556.117,12186500,1352351744.0000
科创50,sh000688,2026-09-28 14:50:00,1556.147,1558.493,1555.170,1556.123,14032900,1548099584.0000
科创50,sh000688,2026-09-28 14:55:00,1555.685,1556.371,1553.886,1555.035,17782200,2002739200.0000
科创50,sh000688,2026-09-28 15:00:00,1554.998,1555.980,1554.790,1555.980,15919700,1867636736.0000
