股票代码,名称,bars,open,close,high,low,high_time,low_time,amplitude_pct,first30_return_pct,late_return_pct,high_to_close_pct,low_to_close_pct,close_position,afternoon_amount_ratio,last6_positive,last6_negative,labels
300308,中际旭创,48,884.0,815.0,888.0,808.0,09:35,14:00,9.90099009900991,-5.371040723981901,-0.4738178976162577,-8.22072072072072,0.866336633663356,0.0875,0.30691516815638287,4,2,CLOSE_NEAR_LOW|SPIKE_FADE|TREND_DOWN
300502,新易盛,48,432.39,399.7,434.0,397.5,09:35,13:45,9.182389937106915,-5.869700964407132,-0.4706292487362651,-7.903225806451619,0.5534591194968463,0.060273972602739416,0.31215723511453186,2,4,CLOSE_NEAR_LOW|SPIKE_FADE|TREND_DOWN
688825,长鑫科技,48,56.0,53.8,56.29,53.8,09:50,15:00,4.628252788104104,-0.33928571428570864,-0.8477699963140406,-4.423521051696577,0.0,0.0,0.3510468143250044,1,5,CLOSE_NEAR_LOW|SPIKE_FADE|TREND_DOWN|LATE_WEAKNESS
603986,兆易创新,48,380.0,358.51,380.0,357.14,09:35,14:05,6.400851206809666,-2.9999999999999916,-0.9832352859944216,-5.6552631578947405,0.3836030688245451,0.05993000874890655,0.33672452026008537,2,4,CLOSE_NEAR_LOW|SPIKE_FADE|TREND_DOWN
002384,东山精密,48,184.08,168.28,184.61,167.84,09:35,14:05,9.991658722592955,-5.101043024771846,-0.7256209073211006,-8.845674665511083,0.262154432793138,0.026237328562909806,0.3022356176587715,3,3,CLOSE_NEAR_LOW|SPIKE_FADE|TREND_DOWN
300394,天孚通信,48,262.5,244.8,264.0,243.0,09:35,11:20,8.64197530864197,-4.986666666666673,-1.05892813838816,-7.2727272727272645,0.7407407407407529,0.08571428571428626,0.26926834756711376,1,5,CLOSE_NEAR_LOW|LATE_WEAKNESS|SPIKE_FADE|TREND_DOWN
000592,平潭发展,48,8.78,9.09,9.45,8.61,09:35,09:35,9.756097560975618,4.328018223234631,0.3311258278145601,-3.809523809523807,5.574912891986061,0.5714285714285721,0.2757512389369029,3,3,
600522,中天科技,48,34.5,31.32,34.55,31.32,09:35,13:25,10.312899106002549,-6.782608695652181,-1.354330708661411,-9.34876989869753,0.0,0.0,0.2802290822866488,0,5,CLOSE_NEAR_LOW|LATE_WEAKNESS|SPIKE_FADE|TREND_DOWN
600487,亨通光电,48,63.52,60.64,64.0,60.64,09:35,09:40,5.54089709762533,-4.534005037783384,0.0,-5.249999999999999,0.0,0.0,0.03885295023870073,0,0,CLOSE_NEAR_LOW|SPIKE_FADE
600183,生益科技,48,136.0,131.95,138.5,130.0,09:35,13:35,6.538461538461537,-2.09558823529411,-0.18910741301059186,-4.72924187725633,1.4999999999999902,0.229411764705881,0.30232192019914533,2,4,SPIKE_FADE|TREND_DOWN
300476,胜宏科技,48,231.0,213.5,231.49,213.29,09:35,14:05,8.532983262225159,-4.23809523809523,-1.157407407407407,-7.771394012700339,0.09845749917951618,0.011538461538461964,0.3310005433010274,1,5,CLOSE_NEAR_LOW|LATE_WEAKNESS|SPIKE_FADE|TREND_DOWN
002463,沪电股份,48,123.0,117.2,123.75,116.23,09:35,13:35,6.4699303105910655,-3.089430894308942,-0.6947974919505162,-5.292929292929294,0.8345521810203982,0.12898936170212758,0.2724417240487864,2,4,CLOSE_NEAR_LOW|SPIKE_FADE|TREND_DOWN
603083,剑桥科技,48,205.0,197.37,215.52,194.0,09:35,13:40,11.092783505154635,-0.9219512195121848,-0.8091265453814334,-8.421492204899783,1.7371134020618628,0.15659851301115255,0.3295645842169778,3,3,CLOSE_NEAR_LOW|SPIKE_FADE|TREND_DOWN
001309,德明利,48,394.58,371.28,396.98,367.67,09:35,13:35,7.971822558272357,-3.8775406761619946,-0.42375154213378785,-6.473877777218007,0.9818587320151062,0.12316615489593846,0.3153132692415957,3,3,CLOSE_NEAR_LOW|SPIKE_FADE|TREND_DOWN
300684,中石科技,48,120.0,109.2,120.0,108.0,09:35,10:25,11.111111111111116,-7.091666666666674,-1.736704760190766,-8.999999999999996,1.1111111111111072,0.10000000000000024,0.2624462073205622,2,4,CLOSE_NEAR_LOW|LATE_WEAKNESS|SPIKE_FADE
603228,景旺电子,48,102.99,95.0,103.49,93.5,09:35,15:00,10.68449197860961,-5.175259733954752,0.6995972016111907,-8.203691177891582,1.6042780748663166,0.15015015015015024,0.3785091277716875,4,2,CLOSE_NEAR_LOW|SPIKE_FADE|TREND_DOWN
300570,太辰光,48,217.33,202.37,217.86,200.0,09:35,13:40,8.930000000000016,-5.848249206276169,-0.3299842395587005,-7.110070687597547,1.1849999999999916,0.13269876819708862,0.2870241237176235,3,3,CLOSE_NEAR_LOW|SPIKE_FADE|TREND_DOWN
000823,超声电子,48,24.0,22.18,24.39,22.03,09:35,10:45,10.712664548343165,-4.291666666666671,-1.5534842432312512,-9.061090610906108,0.6808896958692578,0.06355932203389772,0.22808679110520597,1,5,CLOSE_NEAR_LOW|LATE_WEAKNESS|SPIKE_FADE
002119,康强电子,48,27.37,29.71,30.65,27.37,13:15,09:35,11.983924004384349,3.8728534892217725,0.5074424898511509,-3.066884176182705,8.549506759225434,0.713414634146342,0.44291728640817246,4,2,DIP_RECOVERY|TREND_UP
300300,海峡创新,48,10.4,11.08,11.8,10.33,10:20,09:35,14.230396902226538,8.269230769230763,-1.8600531443755508,-6.101694915254241,7.26040658276863,0.5102040816326529,0.21412534046640241,1,5,LATE_WEAKNESS|SPIKE_FADE
301689,电科思仪,48,81.34,85.1,89.99,73.33,13:45,10:50,22.71921450975043,-5.9872141627735465,-0.8274093928446691,-5.433937104122677,16.050729578617194,0.7064825930372148,0.3754218792175523,3,2,DIP_RECOVERY|TREND_UP
300750,宁德时代,48,289.0,291.99,292.66,286.66,10:40,09:45,2.093071931905399,-0.4982698961937704,0.14748250788860773,-0.22893459987699538,1.8593455661759517,0.8883333333333306,0.3321291505680071,3,2,CLOSE_NEAR_HIGH
688256,寒武纪,48,1075.0,1020.0,1080.0,1020.0,09:35,11:00,5.882352941176472,-2.923720930232565,-1.3568271713586655,-5.555555555555558,0.0,0.0,0.3183424954996361,1,5,CLOSE_NEAR_LOW|LATE_WEAKNESS|SPIKE_FADE|TREND_DOWN
600176,中国巨石,48,42.66,39.27,42.85,39.0,09:35,13:40,9.871794871794881,-4.524144397562124,-1.6528925619834656,-8.354725787631267,0.6923076923077032,0.07012987012987092,0.2770145289732753,0,5,CLOSE_NEAR_LOW|LATE_WEAKNESS|SPIKE_FADE|TREND_DOWN
000725,京东方Ａ,48,6.02,5.8,6.09,5.76,09:35,13:25,5.729166666666674,-2.3255813953488302,-0.6849315068493178,-4.761904761904767,0.694444444444442,0.1212121212121213,0.2726674344211405,0,2,CLOSE_NEAR_LOW|SPIKE_FADE|TREND_DOWN
688008,澜起科技,48,212.5,208.6,213.94,205.0,09:35,11:30,4.360975609756101,-1.0729411764705876,-0.5861888195205722,-2.4960269234364785,1.7560975609756113,0.40268456375838874,0.3697502834954126,2,4,SPIKE_FADE
300285,国瓷材料,48,71.5,65.06,71.86,64.03,09:35,13:40,12.228642823676395,-3.5804195804195804,-1.154664235794578,-9.462844419704975,1.6086209589255107,0.13154533844189034,0.25256602425935165,2,4,CLOSE_NEAR_LOW|LATE_WEAKNESS|SPIKE_FADE|TREND_DOWN
600641,先导基电,48,51.61,49.21,52.08,47.74,09:35,13:40,9.090909090909083,-3.758961441581088,-1.3432237369687239,-5.510752688172039,3.079178885630496,0.33870967741935487,0.3014821804578341,2,4,LATE_WEAKNESS|SPIKE_FADE
000988,华工科技,48,102.03,92.61,102.3,92.61,09:35,13:35,10.463232912212494,-5.11614231108497,-0.7608229747106621,-9.472140762463344,0.0,0.0,0.3499640852981007,0,4,CLOSE_NEAR_LOW|SPIKE_FADE|TREND_DOWN
600206,有研新材,48,50.61,51.63,52.64,50.6,09:50,09:35,4.031620553359683,2.4501086741750777,-0.38587690526721286,-1.9186930091185328,2.0355731225296436,0.5049019607843145,0.2631601108385928,3,3,
000636,风华高科,48,55.43,50.42,55.51,50.42,09:35,10:40,10.095200317334374,-6.151903301461292,-0.728489860208692,-9.16951900558457,0.0,0.0,0.23626358069683095,1,1,CLOSE_NEAR_LOW|SPIKE_FADE
600418,江淮汽车,48,23.31,25.22,25.22,22.99,10:15,09:35,9.699869508481962,3.217503217503226,0.0,0.0,9.699869508481962,1.0,0.05769337500494289,0,0,CLOSE_NEAR_HIGH|DIP_RECOVERY|V_REVERSAL
600707,彩虹股份,48,9.89,10.38,10.44,9.85,09:35,09:35,5.98984771573603,3.134479271991908,0.0964320154291265,-0.5747126436781436,5.380710659898491,0.8983050847457649,0.16764499459061788,4,2,CLOSE_NEAR_HIGH|DIP_RECOVERY|V_REVERSAL
600547,山东黄金,48,27.4,26.16,27.6,26.16,09:35,10:45,5.504587155963314,-3.6131386861313786,0.0,-5.21739130434783,0.0,0.0,0.10389378784430034,1,1,CLOSE_NEAR_LOW|SPIKE_FADE
688048,长光华芯,48,325.01,289.79,327.0,285.0,09:35,13:40,14.73684210526316,-5.732131319036338,-0.14128187456925456,-11.379204892966355,1.6807017543859715,0.11404761904761954,0.2732627341399684,3,3,CLOSE_NEAR_LOW|SPIKE_FADE|TREND_DOWN
300207,欣旺达,48,20.0,21.38,21.4,19.76,10:10,09:35,8.2995951417004,5.6499999999999995,1.8580276322058165,-0.09345794392523477,8.1983805668016,0.9878048780487807,0.2978599201837932,4,1,CLOSE_NEAR_HIGH|LATE_STRENGTH|DIP_RECOVERY|V_REVERSAL
002487,大金重工,48,40.33,41.38,41.7,38.0,14:25,09:45,9.736842105263154,-3.967270022315894,0.2908385845855621,-0.767386091127098,8.894736842105267,0.9135135135135135,0.40829101608292767,3,3,CLOSE_NEAR_HIGH|DIP_RECOVERY|V_REVERSAL|TREND_UP
600699,均胜电子,48,23.23,24.02,24.5,23.1,10:20,09:45,6.060606060606055,1.076194575979339,0.5441607367099088,-1.959183673469389,3.9826839826839766,0.6571428571428565,0.19958585585689625,4,2,DIP_RECOVERY
601091,沈鼓集团,48,25.6,27.71,28.67,24.3,11:05,10:35,17.983539094650205,-3.4375000000000044,-0.9649749821300957,-3.3484478549005936,14.032921810699595,0.7803203661327229,0.15524055315273952,3,1,DIP_RECOVERY|V_REVERSAL|TREND_UP
600498,烽火通信,48,40.75,36.97,40.75,36.97,09:35,10:05,10.22450635650527,-9.202453987730063,0.0,-9.276073619631909,0.0,0.0,0.07744715564960471,0,0,CLOSE_NEAR_LOW|SPIKE_FADE
