股票代码,股票名称,指标,收盘价,成交额
000002,万科A,振幅值达15%的证券,4.26,515805.2404
000011,深物业A,振幅值达15%的证券 | 涨幅偏离值达7%的证券,12.24,97126.7913
000504,南华生物,振幅值达15%的证券 | 涨幅偏离值达7%的证券,12.42,86044.4296
000560,我爱我家,换手率达20%的证券,3.7,273665.5375
000678,襄阳轴承,振幅值达15%的证券 | 涨幅偏离值达7%的证券 | 连续三个交易日内，涨幅偏离值累计达20%的证券,12.89,107498.569
000850,华茂股份,跌幅偏离值达7%的证券,4.17,67189.2787
001216,华瓷股份,跌幅偏离值达7%的证券,26.18,71908.2131
001234,泰慕士,跌幅偏离值达7%的证券 | 连续三个交易日内，跌幅偏离值累计达20%的证券,25.8,28986.4061
001246,力勤资源,无价格涨跌幅限制的证券,65.09,834539.0509
002058,紫竹高科,连续三个交易日内，涨幅偏离值累计达20%的证券,20.2,14317.9917
002119,康强电子,换手率达20%的证券 | 跌幅偏离值达7%的证券,25.8,233912.8122
002164,宁波东力,涨幅偏离值达7%的证券,13.26,64883.0907
002172,澳洋健康,换手率达20%的证券,5.43,102641.5505
002244,滨江集团,振幅值达15%的证券 | 连续三个交易日内，涨幅偏离值累计达20%的证券,10.14,168937.253
002388,新亚制程,连续三个交易日内，涨幅偏离值累计达20%的证券,9.1,120820.6397
002494,华斯股份,换手率达20%的证券,5.05,36234.865
002640,跨境通,换手率达20%的证券,3.91,140079.2199
002717,*ST岭南,跌幅偏离值达7%的证券 | 连续三个交易日内，跌幅偏离值累计达20%的证券,0.62,837.7688
002827,高争民爆,连续三个交易日内，跌幅偏离值累计达20%的证券,59.0,360940.5491
002866,传艺科技,涨幅偏离值达7%的证券 | 连续三个交易日内，涨幅偏离值累计达20%的证券,16.9,57707.7481
002962,五方光电,连续三个交易日内，涨幅偏离值累计达20%的证券,16.17,180007.465
300893,松原安全,,15.13,32347.1626
301030,*ST仕净,,4.18,12706.2776
301139,元道退,退市整理的证券,0.91,2866.0561
301190,善水科技,,35.93,51037.3314
301218,华是科技,,69.75,160825.215
301513,尚水智能,,56.52,60548.5251
301520,万邦医药,,71.05,103011.671
301686,中塑股份,,165.82,71579.3859
301689,电科思仪,,73.43,171591.5881
301699,洛轴股份,,37.76,132048.2598
600059,古越龙山,涨幅偏离值达7%的证券,12.27,109333.16
600127,金健米业,换手率达20%的证券,13.14,296062.44
600156,华升股份,跌幅偏离值达7%的证券,7.35,31419.97
600383,金地集团,振幅值达15%的证券,2.74,125890.79
600418,江淮汽车,连续三个交易日内，涨幅偏离值累计达20%的证券,27.47,1770103.64
600657,信达地产,振幅值达15%的证券,3.55,69586.94
600721,百花医药,换手率达20%的证券,13.11,184715.57
600802,福建水泥,振幅值达15%的证券,7.24,76162.57
600825,新华传媒,连续三个交易日内，涨幅偏离值累计达20%的证券,10.35,29203.06
601091,沈鼓集团,换手率达20%的证券,23.15,183781.71
603185,弘元绿能,涨幅偏离值达7%的证券,15.15,24514.24
603188,亚邦股份,连续三个交易日内，涨幅偏离值累计达20%的证券,5.4,28996.86
603200,上海洗霸,连续三个交易日内，涨幅偏离值累计达20%的证券,44.74,121415.2
603230,内蒙新华,振幅值达15%的证券 | 连续三个交易日内，跌幅偏离值累计达20%的证券,14.01,91249.71
603248,锡华科技,换手率达20%的证券,20.43,36547.94
603396,金辰股份,振幅值达15%的证券,33.5,117198.96
603400,华之杰,换手率达20%的证券,53.0,60395.74
603739,蔚蓝生物,涨幅偏离值达7%的证券,14.04,12791.37
603797,联泰环保,跌幅偏离值达7%的证券,4.82,15987.47
605011,杭州热电,涨幅偏离值达7%的证券,19.21,23118.9
605058,澳弘电子,跌幅偏离值达7%的证券,53.64,73131.42
605162,新中港,跌幅偏离值达7%的证券,10.59,36395.12
605258,协和电子,跌幅偏离值达7%的证券,39.61,35175.79
605303,园林股份,涨幅偏离值达7%的证券 | 连续三个交易日内，涨幅偏离值累计达20%的证券,28.66,494.1
605388,均瑶健康,连续三个交易日内，涨幅偏离值累计达20%的证券,7.39,21421.1
688137,近岸蛋白,,160.39,415243.25
688185,康希诺,,102.64,106514.43
688265,南模生物,,64.98,41226.99
688806,泰诺麦博,,30.67,35055.03
688837,信诺维,,49.4,85673.9
920025,凯达重工,换手率达20%的证券,12.49,18096.66
920201,百瑞吉,换手率达20%的证券,42.08,12072.59
920202,安达股份,换手率达20%的证券,18.32,31842.24
920229,世纪数码,换手率达20%的证券,46.11,17822.37
920779,武汉蓝电,换手率达20%的证券,28.6,24203.09
