股票代码,名称,benchmark,stock_day_return_pct,benchmark_day_return_pct,day_rs_pct,stock_late_return_pct,benchmark_late_return_pct,late_rs_pct,rs_labels
001246,N力勤,深证成指,0.13846153846155396,-0.5437917717008189,0.6822533101623729,0.06149116064566584,-0.06437694024513663,0.12586810089080247,
300308,中际旭创,创业板指,-1.648438545481079,-0.9297873859845263,-0.7186511594965528,-0.2184618802532623,-0.05616761538508319,-0.1622942648681791,
300502,新易盛,创业板指,-2.2563947937082274,-0.9297873859845263,-1.3266074077237011,-0.29986928774636823,-0.05616761538508319,-0.24370167236128504,DAY_UNDERPERFORM
603986,兆易创新,上证指数,-4.286680189317115,0.07662949016384868,-4.363309679480964,0.06786178815809674,-0.07469310677811203,0.14255489493620876,DAY_UNDERPERFORM
300394,天孚通信,创业板指,1.859302371001137,-0.9297873859845263,2.789089756985663,-0.2524576368435283,-0.05616761538508319,-0.1962900214584451,DAY_OUTPERFORM
688825,长鑫科技,科创50,-1.3681368136813643,-2.9500530918215695,1.5819162781402052,-0.01824817518247812,0.0035295224948272974,-0.02177769767730542,DAY_OUTPERFORM
600418,江淮汽车,上证指数,5.5320783711102495,0.07662949016384868,5.455448880946401,-0.36271309394270146,-0.07469310677811203,-0.28801998716458943,DAY_OUTPERFORM
002119,康强电子,深证成指,-7.227615965480039,-0.5437917717008189,-6.68382419377922,0.0,-0.06437694024513663,0.06437694024513663,DAY_UNDERPERFORM
688521,芯原股份,科创50,-12.852791878172587,-2.9500530918215695,-9.902738786351017,-0.6193921852387763,0.0035295224948272974,-0.6229217077336036,DAY_UNDERPERFORM|LATE_UNDERPERFORM
002384,东山精密,深证成指,-3.2369942196531776,-0.5437917717008189,-2.6932024479523586,0.11961722488038617,-0.06437694024513663,0.1839941651255228,DAY_UNDERPERFORM
600183,生益科技,上证指数,-2.9424943988050734,0.07662949016384868,-3.019123888968922,-0.007694083249976114,-0.07469310677811203,0.06699902352813591,DAY_UNDERPERFORM
603083,剑桥科技,上证指数,0.21951219512195141,0.07662949016384868,0.14288270495810274,-0.09725261366400062,-0.07469310677811203,-0.02255950688588859,
300476,胜宏科技,创业板指,-3.381420564182669,-0.9297873859845263,-2.4516331781981426,0.04281432852861755,-0.05616761538508319,0.09898194391370074,DAY_UNDERPERFORM
002463,沪电股份,深证成指,-3.1171653016881073,-0.5437917717008189,-2.5733735299872884,0.36360488269413516,-0.06437694024513663,0.4279818229392718,DAY_UNDERPERFORM
001309,德明利,深证成指,-3.898123324396785,-0.5437917717008189,-3.354331552695966,0.5131368645374668,-0.06437694024513663,0.5775138047826034,DAY_UNDERPERFORM|LATE_OUTPERFORM
603228,景旺电子,上证指数,-0.7745098039215748,0.07662949016384868,-0.8511392940854234,-0.2660622782814426,-0.07469310677811203,-0.19136917150333055,
300684,中石科技,创业板指,0.009251549634559098,-0.9297873859845263,0.9390389356190854,-0.249146442742465,-0.05616761538508319,-0.1929788273573818,
300570,太辰光,创业板指,-2.5917431192660545,-0.9297873859845263,-1.6619557332815282,-0.35194744251525467,-0.05616761538508319,-0.2957798271301715,DAY_UNDERPERFORM
000002,万 科Ａ,深证成指,12.10526315789473,-0.5437917717008189,12.649054929595549,-0.4672897196261738,-0.06437694024513663,-0.4029127793810372,DAY_OUTPERFORM
600127,金健米业,上证指数,2.6562500000000044,0.07662949016384868,2.5796205098361558,-0.1519756838905706,-0.07469310677811203,-0.07728257711245856,DAY_OUTPERFORM
000560,我爱我家,深证成指,9.467455621301779,-0.5437917717008189,10.011247393002598,-0.8042895442359144,-0.06437694024513663,-0.7399126039907777,DAY_OUTPERFORM|LATE_UNDERPERFORM
600487,亨通光电,上证指数,-4.674196350999127,0.07662949016384868,-4.750825841162976,-0.05465476407360281,-0.07469310677811203,0.020038342704509216,DAY_UNDERPERFORM
688256,寒武纪,科创50,-3.3552354315926514,-2.9500530918215695,-0.40518233977108187,0.5661148375908143,0.0035295224948272974,0.562585315095987,LATE_OUTPERFORM
300750,宁德时代,创业板指,0.3827586206896605,-0.9297873859845263,1.3125460066741867,0.22723360302978612,-0.05616761538508319,0.2834012184148693,DAY_OUTPERFORM
603259,药明康德,上证指数,4.580963689769391,0.07662949016384868,4.504334199605542,-0.39285714285713924,-0.07469310677811203,-0.3181640360790272,DAY_OUTPERFORM
688008,澜起科技,科创50,-5.014319921123056,-2.9500530918215695,-2.064266829301486,-0.05434245627902179,0.0035295224948272974,-0.057871978773849087,DAY_UNDERPERFORM
600276,恒瑞医药,上证指数,3.5087719298245723,0.07662949016384868,3.4321424396607236,-0.23250898330162695,-0.07469310677811203,-0.15781587652351492,DAY_OUTPERFORM
000725,京东方Ａ,深证成指,-0.17452006980803736,-0.5437917717008189,0.3692717018927816,0.17513134851137035,-0.06437694024513663,0.23950828875650698,
002156,通富微电,深证成指,-5.591504894640787,-0.5437917717008189,-5.047713122939967,-0.15792244253378662,-0.06437694024513663,-0.09354550228865,DAY_UNDERPERFORM
002487,大金重工,深证成指,8.179481187193272,-0.5437917717008189,8.723272958894091,-0.6225848003434953,-0.06437694024513663,-0.5582078600983587,DAY_OUTPERFORM|LATE_UNDERPERFORM
300489,光智科技,创业板指,5.0377358490566015,-0.9297873859845263,5.967523235041128,0.91360620672154,-0.05616761538508319,0.9697738221066232,DAY_OUTPERFORM|LATE_OUTPERFORM
600206,有研新材,上证指数,-4.954128440366967,0.07662949016384868,-5.030757930530815,-1.541710665258722,-0.07469310677811203,-1.46701755848061,DAY_UNDERPERFORM|LATE_UNDERPERFORM
688347,华虹宏力,科创50,-5.275626423690216,-2.9500530918215695,-2.3255733318686467,-0.10569808782550094,0.0035295224948272974,-0.10922761032032824,DAY_UNDERPERFORM
301080,百普赛斯,深证成指,17.060824827815104,-0.5437917717008189,17.60461659951592,1.7967960744696088,-0.06437694024513663,1.8611730147147454,DAY_OUTPERFORM|LATE_OUTPERFORM
603127,昭衍新药,上证指数,10.290827740492148,0.07662949016384868,10.214198250328298,0.0,-0.07469310677811203,0.07469310677811203,DAY_OUTPERFORM
688766,普冉股份,科创50,-6.516382699868939,-2.9500530918215695,-3.5663296080473694,-0.7126948775055708,0.0035295224948272974,-0.7162244000003981,DAY_UNDERPERFORM|LATE_UNDERPERFORM
600172,黄河旋风,上证指数,-5.425318151373082,0.07662949016384868,-5.501947641536931,-0.21201413427562876,-0.07469310677811203,-0.13732102749751673,DAY_UNDERPERFORM
301205,联特科技,深证成指,6.112359550561797,-0.5437917717008189,6.656151322262616,0.08124624677665615,-0.06437694024513663,0.14562318702179278,DAY_OUTPERFORM
301047,义翘神州,深证成指,11.274406886416145,-0.5437917717008189,11.818198658116964,-0.018864365214110723,-0.06437694024513663,0.045512575031025904,DAY_OUTPERFORM
300413,芒果超媒,创业板指,6.598984771573613,-0.9297873859845263,7.528772157558139,-0.615238996687173,-0.05616761538508319,-0.5590713813020898,DAY_OUTPERFORM|LATE_UNDERPERFORM
