sector_type,sector,breadth_confidence,signal_confidence,state_confidence,top100_members,signal_members,signal_coverage_pct,up_count,down_count,up_ratio,down_ratio,avg_return_pct,median_return_pct,total_amount,amount_share_pct,positive_rs_count,positive_rs_ratio,negative_rs_count,negative_rs_ratio,avg_day_rs_pct,avg_late_rs_pct,leader_count,confirm_count,weak_anchor_count,trend_up_count,trend_up_ratio,trend_down_count,trend_down_ratio,avg_windvane_score,top_members,state
INDUSTRY,计算机、通信和其他电子设备制造业,HIGH,HIGH,HIGH,55,23,41.81818181818181,5,50,0.09090909090909091,0.9090909090909091,-5.551418181818181,-5.869,271317336900.0,58.57523166211266,4,0.17391304347826086,19,0.8260869565217391,-2.2723394900055864,-0.15545426276083563,3,0,20,1,0.043478260869565216,15,0.6521739130434783,-4.260869565217392,康强电子|彩虹股份|均胜电子|澜起科技|超声电子,DIVERGING
INDUSTRY,电气机械和器材制造业,HIGH,MEDIUM,MEDIUM,8,4,50.0,1,7,0.125,0.875,-5.310625,-7.327500000000001,42181536583.0,9.106654611326112,2,0.5,2,0.5,1.2073325686709158,0.5046683367380651,1,1,2,0,0.0,1,0.25,0.5,欣旺达|宁德时代|亨通光电|中天科技,DIVERGING
INDUSTRY,软件和信息技术服务业,MEDIUM,LOW,LOW,3,2,66.66666666666666,1,2,0.3333333333333333,0.6666666666666666,-3.672333333333333,-6.549,14861628007.0,3.208506000141883,1,0.5,1,0.5,4.371478613660746,-1.101307969086729,0,0,2,0,0.0,1,0.5,-4.0,海峡创新|寒武纪,NEUTRAL
INDUSTRY,金属制品业,LOW,INSUFFICIENT,INSUFFICIENT,2,1,50.0,1,1,0.5,0.5,-1.4125,-1.4125,5769113713.0,1.2455052673194875,1,1.0,0,0.0,5.6718125709000144,0.6645354337182718,1,0,0,1,1.0,0,0.0,12.0,大金重工,NEUTRAL
INDUSTRY,有色金属冶炼和压延加工业,LOW,INSUFFICIENT,INSUFFICIENT,2,1,50.0,1,1,0.5,0.5,-0.2795000000000001,-0.2795000000000001,9175377600.0,1.9808902543719433,1,1.0,0,0.0,3.4280530852605184,-0.1452461882330724,0,1,0,0,0.0,0,0.0,3.0,有研新材,NEUTRAL
INDUSTRY,专用设备制造业,HIGH,INSUFFICIENT,INSUFFICIENT,7,0,0.0,0,7,0.0,1.0,-5.046142857142859,-4.625,26384549252.0,5.6962120533637055,0,,0,,,,0,0,0,0,,0,,,中微公司|长川科技|北方华创|大族激光|拓荆科技,BREADTH_WEAK
INDUSTRY,非金属矿物制品业,MEDIUM,INSUFFICIENT,INSUFFICIENT,4,1,25.0,0,4,0.0,1.0,-6.610250000000001,-7.665,18700694174.0,4.037329519742793,0,0.0,1,1.0,-6.533913037743478,-1.4122618449493252,0,0,1,0,0.0,1,1.0,-8.0,中国巨石,BREADTH_WEAK
INDUSTRY,有色金属矿采选业,LOW,INSUFFICIENT,INSUFFICIENT,2,1,50.0,0,2,0.0,1.0,-5.9879999999999995,-5.9879999999999995,8608674767.0,1.8585436689829486,0,0.0,1,1.0,-3.1129063339131675,0.2406307170341404,0,0,1,0,0.0,0,0.0,-4.0,山东黄金,BREADTH_WEAK
INDUSTRY,化学原料和化学制品制造业,LOW,INSUFFICIENT,INSUFFICIENT,2,1,50.0,0,2,0.0,1.0,-8.525,-8.525,10080374968.0,2.1762719100003136,0,0.0,1,1.0,-5.096571847990162,-0.711547995069095,0,0,1,0,0.0,1,1.0,-8.0,国瓷材料,BREADTH_WEAK
INDUSTRY,汽车制造业,INSUFFICIENT,INSUFFICIENT,INSUFFICIENT,1,1,100.0,1,0,1.0,0.0,9.987,9.987,4392576724.0,0.9483219986665877,1,1.0,0,0.0,9.6065493052505,0.2406307170341404,1,0,0,0,0.0,0,0.0,8.0,江淮汽车,INSUFFICIENT
INDUSTRY,木材加工和木、竹、藤、棕、草制品业,INSUFFICIENT,INSUFFICIENT,INSUFFICIENT,1,1,100.0,1,0,1.0,0.0,3.531,3.531,5083871839.0,1.097567056025146,1,1.0,0,0.0,6.59904332718344,0.7048226769472699,0,1,0,0,0.0,0,0.0,5.0,平潭发展,INSUFFICIENT
INDUSTRY,房地产业,INSUFFICIENT,INSUFFICIENT,INSUFFICIENT,1,1,100.0,0,1,0.0,1.0,-4.558,-4.558,6332949676.0,1.3672329185249399,0,0.0,1,1.0,-3.2376204658714047,-1.1025930199345837,0,0,1,0,0.0,0,0.0,-5.0,先导基电,INSUFFICIENT
INDUSTRY,酒、饮料和精制茶制造业,INSUFFICIENT,INSUFFICIENT,INSUFFICIENT,1,0,0.0,1,0,1.0,0.0,0.556,0.556,3488720613.0,0.753186731248882,0,,0,,,,0,0,0,0,,0,,,贵州茅台,INSUFFICIENT
INDUSTRY,电力、热力生产和供应业,INSUFFICIENT,INSUFFICIENT,INSUFFICIENT,1,0,0.0,1,0,1.0,0.0,0.67,0.67,3079818529.0,0.6649080588607312,0,,0,,,,0,0,0,0,,0,,,长江电力,INSUFFICIENT
INDUSTRY,研究和试验发展,INSUFFICIENT,INSUFFICIENT,INSUFFICIENT,1,0,0.0,0,1,0.0,1.0,-0.369,-0.369,5675753450.0,1.2253495371485241,0,,0,,,,0,0,0,0,,0,,,药明康德,INSUFFICIENT
INDUSTRY,铁路、船舶、航空航天和其他运输设备制造业,INSUFFICIENT,INSUFFICIENT,INSUFFICIENT,1,0,0.0,0,1,0.0,1.0,-0.026,-0.026,3763788423.0,0.8125716598997131,0,,0,,,,0,0,0,0,,0,,,中国船舶,INSUFFICIENT
INDUSTRY,保险业,INSUFFICIENT,INSUFFICIENT,INSUFFICIENT,1,0,0.0,0,1,0.0,1.0,-1.596,-1.596,3747989837.0,0.8091608722019669,0,,0,,,,0,0,0,0,,0,,,中国平安,INSUFFICIENT
INDUSTRY,医药制造业,INSUFFICIENT,INSUFFICIENT,INSUFFICIENT,1,0,0.0,0,1,0.0,1.0,-9.951,-9.951,3426970037.0,0.7398552783612915,0,,0,,,,0,0,0,0,,0,,,哈药股份,INSUFFICIENT
INDUSTRY,批发业,INSUFFICIENT,INSUFFICIENT,INSUFFICIENT,1,0,0.0,0,1,0.0,1.0,-7.618,-7.618,3299979810.0,0.7124391093455574,0,,0,,,,0,0,0,0,,0,,,香农芯创,INSUFFICIENT
INDUSTRY,土木工程建筑业,INSUFFICIENT,INSUFFICIENT,INSUFFICIENT,1,0,0.0,0,1,0.0,1.0,-8.243,-8.243,2792735469.0,0.6029291343367665,0,,0,,,,0,0,0,0,,0,,,太极实业,INSUFFICIENT
INDUSTRY,资本市场服务,INSUFFICIENT,INSUFFICIENT,INSUFFICIENT,1,0,0.0,0,1,0.0,1.0,-2.243,-2.243,2780037347.0,0.6001877118890816,0,,0,,,,0,0,0,0,,0,,,东方财富,INSUFFICIENT
INDUSTRY,食品制造业,INSUFFICIENT,INSUFFICIENT,INSUFFICIENT,1,0,0.0,0,1,0.0,1.0,-7.822,-7.822,2684765636.0,0.5796193154628418,0,,0,,,,0,0,0,0,,0,,,莲花控股,INSUFFICIENT
THEME,CPO,MEDIUM,MEDIUM,MEDIUM,4,4,100.0,0,4,0.0,1.0,-7.905499999999999,-8.373999999999999,53176747737.0,19.906064054701,0,0.0,4,1.0,-3.1716594982841793,-0.3106305977278817,0,0,4,0,0.0,4,1.0,-7.5,新易盛|中际旭创|剑桥科技|天孚通信,FADING
THEME,光模块,MEDIUM,MEDIUM,MEDIUM,4,4,100.0,0,4,0.0,1.0,-7.905499999999999,-8.373999999999999,53176747737.0,19.906064054701,0,0.0,4,1.0,-3.1716594982841793,-0.3106305977278817,0,0,4,0,0.0,4,1.0,-7.5,新易盛|中际旭创|剑桥科技|天孚通信,FADING
THEME,PCB,MEDIUM,MEDIUM,MEDIUM,4,4,100.0,0,4,0.0,1.0,-7.886999999999999,-8.251999999999999,23513571709.0,8.802017507898187,0,0.0,4,1.0,-4.293204666987394,-0.11177198726069756,0,0,4,0,0.0,4,1.0,-7.0,景旺电子|沪电股份|东山精密|胜宏科技,FADING
THEME,存储,MEDIUM,MEDIUM,MEDIUM,3,3,100.0,0,3,0.0,1.0,-5.573666666666667,-5.869,25832100658.0,9.669930415993539,0,0.0,3,1.0,-2.532520393959907,-0.3564270404800414,0,0,3,0,0.0,3,1.0,-6.666666666666667,长鑫科技|德明利|兆易创新,FADING
THEME,AI硬件,MEDIUM,MEDIUM,MEDIUM,3,3,100.0,0,3,0.0,1.0,-8.887666666666666,-9.026,51005037350.0,19.093110876637382,0,0.0,3,1.0,-4.3532749890923155,-0.13671290769664923,0,0,3,0,0.0,3,1.0,-7.0,新易盛|中际旭创|东山精密,FADING
THEME,光纤光缆,MEDIUM,LOW,LOW,3,2,66.66666666666666,0,3,0.0,1.0,-9.999333333333333,-10.0,19862884536.0,7.435427488726151,0,0.0,2,1.0,-5.4630570597232975,-0.43653463729656494,0,0,2,0,0.0,1,0.5,-6.0,亨通光电|中天科技,FADING
THEME,AI服务器,LOW,LOW,LOW,2,2,100.0,0,2,0.0,1.0,-6.8845,-6.8845,10947520605.0,4.0980702219902865,0,0.0,2,1.0,-2.6562459762355437,-0.5176959047498653,0,0,2,0,0.0,2,1.0,-7.5,沪电股份|胜宏科技,FADING
THEME,PCB产业链,INSUFFICIENT,INSUFFICIENT,INSUFFICIENT,1,1,100.0,0,1,0.0,1.0,-3.918,-3.918,6066528475.0,2.270930614453376,0,0.0,1,1.0,-1.5653000651282944,0.0515233040235485,0,0,1,0,0.0,1,1.0,-7.0,生益科技,INSUFFICIENT
THEME,覆铜板,INSUFFICIENT,INSUFFICIENT,INSUFFICIENT,1,1,100.0,0,1,0.0,1.0,-3.918,-3.918,6066528475.0,2.270930614453376,0,0.0,1,1.0,-1.5653000651282944,0.0515233040235485,0,0,1,0,0.0,1,1.0,-7.0,生益科技,INSUFFICIENT
THEME,数据中心基础设施,INSUFFICIENT,INSUFFICIENT,INSUFFICIENT,1,1,100.0,0,1,0.0,1.0,-10.003,-10.003,7082822047.0,2.6513676626660243,0,0.0,1,1.0,-3.121363926441078,0.2406307170341404,0,0,1,0,0.0,0,0.0,-4.0,亨通光电,INSUFFICIENT
THEME,半导体,INSUFFICIENT,INSUFFICIENT,INSUFFICIENT,1,1,100.0,0,1,0.0,1.0,-6.582,-6.582,10407944421.0,3.8960864877796717,0,0.0,1,1.0,-4.242622046552436,-0.7426045689602812,0,0,1,0,0.0,1,1.0,-8.0,兆易创新,INSUFFICIENT
