代码,名称,最新价,涨跌幅,成交额,股票代码
sz300308,中际旭创,808.44,-0.562,12847951101.0,300308
sz300502,新易盛,389.0,-0.995,9604023849.0,300502
sh600487,亨通光电,54.86,-3.94,8953541701.0,600487
sh688256,寒武纪,1009.01,-3.536,8691555481.0,688256
sh603986,兆易创新,353.9,-3.719,8647211674.0,603986
sz300750,宁德时代,291.11,1.503,8613929784.0,300750
sz001246,N力勤,65.09,206.594,8345390509.0,001246
sz300394,天孚通信,260.77,1.867,7708344434.0,300394
sh600418,江淮汽车,27.47,5.492,7492598087.0,600418
sh603259,药明康德,167.34,4.158,7441616091.0,603259
sh688825,长鑫科技,54.79,-1.368,6413280931.0,688825
sh688521,芯原股份,171.68,-11.341,5461671075.0,688521
sh688008,澜起科技,202.31,-4.84,5433706001.0,688008
sh600276,恒瑞医药,47.2,3.463,5234863148.0,600276
sz000725,京东方Ａ,5.72,0.175,5227446291.0,000725
sz002384,东山精密,167.4,-2.225,5194066988.0,002384
sz000002,万 科Ａ,4.26,4.412,5158052404.0,000002
sh688981,中芯国际,111.99,-4.697,4856437593.0,688981
sh600519,贵州茅台,1258.62,1.865,4797246636.0,600519
sh600183,生益科技,129.96,-2.271,4613023260.0,600183
sh603083,剑桥科技,205.45,2.163,4318154355.0,603083
sz002156,通富微电,56.9,-5.732,4250938115.0,002156
sz002487,大金重工,46.29,7.827,4195666361.0,002487
sz300476,胜宏科技,210.3,-2.98,4132496741.0,300476
sz300604,长川科技,239.79,-3.268,4121927206.0,300604
sz300450,先导智能,34.94,3.495,4096895561.0,300450
sh688041,海光信息,226.8,-3.849,4056998123.0,688041
sh600641,先导基电,48.57,-0.39,3932878022.0,600641
sh600664,哈药股份,7.4,3.641,3909651397.0,600664
sz300489,光智科技,278.35,8.35,3887786503.0,300489
sh688012,中微公司,318.55,-1.918,3861028481.0,688012
sh600176,中国巨石,39.41,-0.705,3761312051.0,600176
sz002463,沪电股份,115.93,-2.637,3531495973.0,002463
sz002074,国轩高科,29.5,2.859,3531351169.0,002074
sz002371,北方华创,615.97,-2.065,3494686799.0,002371
sz300285,国瓷材料,63.06,-2.081,3402240457.0,300285
sz301716,C鸿富诚,586.6,1.334,3378216030.0,301716
sh603186,华正新材,212.66,0.311,3353032446.0,603186
sh600150,中国船舶,39.1,0.385,3281209191.0,600150
sz000333,美的集团,80.1,-1.91,3231685974.0,000333
sz002475,立讯精密,49.43,-1.925,3160725551.0,002475
sh688498,源杰科技,1613.0,-1.556,3108372236.0,688498
sh601869,长飞光纤,411.16,0.787,3101276059.0,601869
sz001309,德明利,358.46,-3.692,3084071756.0,001309
sh601138,工业富联,58.2,-0.377,3035417445.0,601138
sh600127,金健米业,13.14,-1.647,2960624365.0,600127
sh601318,中国平安,53.29,1.505,2960017331.0,601318
sz000823,超声电子,23.28,-4.59,2935099768.0,000823
sh600048,保利发展,5.77,-1.199,2934776777.0,600048
sh601899,紫金矿业,29.79,1.12,2921744405.0,601899
sh600584,长电科技,64.28,-2.161,2902647206.0,600584
sz300857,协创数据,251.16,1.936,2885231806.0,300857
sh600206,有研新材,46.62,-6.197,2884092094.0,600206
sh600036,招商银行,41.26,1.851,2878465122.0,600036
sh688347,华虹宏力,207.92,-5.103,2875397374.0,688347
sz002636,金安国纪,79.45,-4.312,2869844518.0,002636
sz300207,欣旺达,22.0,2.326,2816195458.0,300207
sz301080,百普赛斯,141.07,14.691,2810188959.0,301080
sz002436,兴森科技,40.94,-2.986,2803745582.0,002436
sz300759,康龙化成,44.97,4.63,2794259471.0,300759
sh600707,彩虹股份,10.08,5.329,2779296262.0,600707
sz300757,罗博特科,533.5,0.851,2764868670.0,300757
sz000592,平潭发展,8.53,-2.403,2747598991.0,000592
sz000560,我爱我家,3.7,-1.596,2736655375.0,000560
sz002428,云南锗业,86.87,-0.333,2736207224.0,002428
sz002281,光迅科技,164.88,-1.21,2719448679.0,002281
sz000636,风华高科,49.61,-3.124,2679565258.0,000636
sz300620,光库科技,270.48,3.62,2663757739.0,300620
sh600522,中天科技,31.13,-0.638,2661719331.0,600522
sh603127,昭衍新药,49.3,9.996,2647331801.0,603127
sz002185,华天科技,16.46,-3.29,2608309270.0,002185
sh688525,佰维存储,192.35,-3.147,2582901089.0,688525
sz300408,三环集团,117.33,-1.096,2566678939.0,300408
sz300475,香农芯创,153.24,-4.345,2566302443.0,300475
sz300548,长芯博创,219.83,0.826,2527288503.0,300548
sh600105,永鼎股份,36.26,-2.0,2477025220.0,600105
sh603773,沃格光电,89.67,-1.026,2460091449.0,603773
sh601398,工商银行,8.28,1.471,2417869721.0,601398
sh601208,东材科技,48.22,-4.572,2407628957.0,601208
sh603228,景旺电子,101.21,0.676,2399230738.0,603228
sh600547,山东黄金,27.3,3.058,2361825199.0,600547
sh688766,普冉股份,356.64,-5.626,2359281583.0,688766
sz300684,中石科技,108.1,0.671,2357682850.0,300684
sh600172,黄河旋风,14.12,-5.235,2355195193.0,600172
sz300570,太辰光,212.35,-1.781,2344137428.0,300570
sz002119,康强电子,25.8,-8.737,2339128122.0,002119
sz301205,联特科技,283.32,7.53,2322853334.0,301205
sz301047,义翘神州,159.0,10.987,2302741395.0,301047
sz301308,江波龙,301.93,-3.122,2294327995.0,301308
sz300413,芒果超媒,21.0,6.061,2268775105.0,300413
sh688808,联讯仪器,1546.63,3.384,2258736399.0,688808
sz000988,华工科技,92.25,-2.122,2257799975.0,000988
sz300274,阳光电源,82.49,-0.386,2256202045.0,300274
sz000938,紫光股份,31.02,-1.618,2245996331.0,000938
sz000977,浪潮信息,65.93,-1.861,2206841624.0,000977
sh688072,拓荆科技,640.0,-2.54,2200617467.0,688072
sh688702,盛科通信,284.91,-6.36,2193896003.0,688702
sz300142,沃森生物,14.23,5.486,2182835300.0,300142
sz002273,水晶光电,24.4,3.786,2182442727.0,002273
sh600699,均胜电子,23.46,3.121,2170044937.0,600699
