股票代码,名称,涨跌幅,成交额,labels,day_rs_pct,late_rs_pct,rs_labels,core_pool,windvane_score,role
301080,百普赛斯,14.691,2810188959.0,CLOSE_NEAR_HIGH|LATE_STRENGTH|DIP_RECOVERY|V_REVERSAL|TREND_UP,17.60461659951592,1.8611730147147452,DAY_OUTPERFORM|LATE_OUTPERFORM,False,12,LEADER
000002,万 科Ａ,4.412,5158052404.0,CLOSE_NEAR_HIGH|DIP_RECOVERY|V_REVERSAL|TREND_UP|LATE_WEAKNESS,12.649054929595549,-0.4029127793810372,DAY_OUTPERFORM,True,12,LEADER
301205,联特科技,7.53,2322853334.0,CLOSE_NEAR_HIGH|DIP_RECOVERY|V_REVERSAL|TREND_UP,6.656151322262616,0.1456231870217927,DAY_OUTPERFORM,False,11,LEADER
603259,药明康德,4.158,7441616091.0,CLOSE_NEAR_HIGH|DIP_RECOVERY|V_REVERSAL|TREND_UP|LATE_WEAKNESS,4.504334199605542,-0.3181640360790272,DAY_OUTPERFORM,False,11,LEADER
600276,恒瑞医药,3.463,5234863148.0,CLOSE_NEAR_HIGH|DIP_RECOVERY|V_REVERSAL|TREND_UP,3.432142439660724,-0.1578158765235149,DAY_OUTPERFORM,False,11,LEADER
002487,大金重工,7.827,4195666361.0,CLOSE_NEAR_HIGH|DIP_RECOVERY|V_REVERSAL|TREND_UP,8.723272958894091,-0.5582078600983587,DAY_OUTPERFORM|LATE_UNDERPERFORM,False,10,LEADER
603127,昭衍新药,9.996,2647331801.0,CLOSE_NEAR_HIGH|DIP_RECOVERY|V_REVERSAL,10.214198250328298,0.074693106778112,DAY_OUTPERFORM,False,8,LEADER
300413,芒果超媒,6.061,2268775105.0,DIP_RECOVERY|V_REVERSAL|TREND_UP,7.528772157558139,-0.5590713813020898,DAY_OUTPERFORM|LATE_UNDERPERFORM,False,8,LEADER
000560,我爱我家,-1.596,2736655375.0,DIP_RECOVERY|TREND_UP,10.011247393002598,-0.7399126039907777,DAY_OUTPERFORM|LATE_UNDERPERFORM,True,7,LEADER
600418,江淮汽车,5.492,7492598087.0,DIP_RECOVERY,5.455448880946401,-0.2880199871645894,DAY_OUTPERFORM,True,6,LEADER
301047,义翘神州,10.987,2302741395.0,DIP_RECOVERY,11.818198658116964,0.0455125750310259,DAY_OUTPERFORM,False,5,CONFIRM
300489,光智科技,8.35,3887786503.0,SPIKE_FADE|LATE_STRENGTH,5.967523235041128,0.9697738221066232,DAY_OUTPERFORM|LATE_OUTPERFORM,False,2,CONFIRM
300394,天孚通信,1.867,7708344434.0,,2.789089756985663,-0.1962900214584451,DAY_OUTPERFORM,False,2,CONFIRM
688825,长鑫科技,-1.368,6413280931.0,,1.5819162781402052,-0.0217776976773054,DAY_OUTPERFORM,False,2,CONFIRM
300750,宁德时代,1.503,8613929784.0,,1.3125460066741867,0.2834012184148693,DAY_OUTPERFORM,False,2,CONFIRM
600127,金健米业,-1.647,2960624365.0,SPIKE_FADE,2.579620509836156,-0.0772825771124585,DAY_OUTPERFORM,True,1,WEAK_ANCHOR
001246,N力勤,206.594,8345390509.0,CLOSE_NEAR_LOW|SPIKE_FADE|LATE_WEAKNESS,0.6822533101623729,0.1258681008908024,,True,0,WEAK_ANCHOR
688256,寒武纪,-3.536,8691555481.0,CLOSE_NEAR_LOW|SPIKE_FADE|LATE_STRENGTH,-0.4051823397710818,0.562585315095987,LATE_OUTPERFORM,False,-1,WEAK_ANCHOR
300308,中际旭创,-0.562,12847951101.0,CLOSE_NEAR_LOW|SPIKE_FADE,-0.7186511594965528,-0.1622942648681791,,False,-2,WEAK_ANCHOR
001309,德明利,-3.692,3084071756.0,CLOSE_NEAR_LOW|SPIKE_FADE,-3.354331552695966,0.5775138047826034,DAY_UNDERPERFORM|LATE_OUTPERFORM,False,-3,WEAK_ANCHOR
002119,康强电子,-8.737,2339128122.0,CLOSE_NEAR_LOW|SPIKE_FADE,-6.68382419377922,0.0643769402451366,DAY_UNDERPERFORM,True,-3,WEAK_ANCHOR
300502,新易盛,-0.995,9604023849.0,CLOSE_NEAR_LOW|SPIKE_FADE,-1.3266074077237011,-0.243701672361285,DAY_UNDERPERFORM,False,-4,WEAK_ANCHOR
300476,胜宏科技,-2.98,4132496741.0,CLOSE_NEAR_LOW|SPIKE_FADE,-2.451633178198142,0.0989819439137007,DAY_UNDERPERFORM,False,-4,WEAK_ANCHOR
002463,沪电股份,-2.637,3531495973.0,SPIKE_FADE,-2.5733735299872884,0.4279818229392718,DAY_UNDERPERFORM,False,-4,WEAK_ANCHOR
600183,生益科技,-2.271,4613023260.0,CLOSE_NEAR_LOW|SPIKE_FADE,-3.019123888968922,0.0669990235281359,DAY_UNDERPERFORM,False,-4,WEAK_ANCHOR
603986,兆易创新,-3.719,8647211674.0,CLOSE_NEAR_LOW|SPIKE_FADE,-4.363309679480964,0.1425548949362087,DAY_UNDERPERFORM,False,-4,WEAK_ANCHOR
600487,亨通光电,-3.94,8953541701.0,CLOSE_NEAR_LOW|SPIKE_FADE,-4.750825841162976,0.0200383427045092,DAY_UNDERPERFORM,False,-4,WEAK_ANCHOR
300684,中石科技,0.671,2357682850.0,CLOSE_NEAR_LOW|SPIKE_FADE|TREND_DOWN,0.9390389356190854,-0.1929788273573818,,False,-5,WEAK_ANCHOR
603228,景旺电子,0.676,2399230738.0,CLOSE_NEAR_LOW|SPIKE_FADE|TREND_DOWN,-0.8511392940854234,-0.1913691715033305,,False,-5,WEAK_ANCHOR
300570,太辰光,-1.781,2344137428.0,CLOSE_NEAR_LOW|SPIKE_FADE|TREND_DOWN,-1.6619557332815282,-0.2957798271301715,DAY_UNDERPERFORM,False,-7,WEAK_ANCHOR
688008,澜起科技,-4.84,5433706001.0,CLOSE_NEAR_LOW|SPIKE_FADE|TREND_DOWN,-2.064266829301486,-0.057871978773849,DAY_UNDERPERFORM,False,-7,WEAK_ANCHOR
688347,华虹宏力,-5.103,2875397374.0,CLOSE_NEAR_LOW|SPIKE_FADE|TREND_DOWN,-2.3255733318686467,-0.1092276103203282,DAY_UNDERPERFORM,False,-7,WEAK_ANCHOR
002384,东山精密,-2.225,5194066988.0,CLOSE_NEAR_LOW|SPIKE_FADE|TREND_DOWN,-2.693202447952358,0.1839941651255228,DAY_UNDERPERFORM,False,-7,WEAK_ANCHOR
002156,通富微电,-5.732,4250938115.0,CLOSE_NEAR_LOW|SPIKE_FADE|TREND_DOWN,-5.047713122939967,-0.09354550228865,DAY_UNDERPERFORM,False,-7,WEAK_ANCHOR
600172,黄河旋风,-5.235,2355195193.0,CLOSE_NEAR_LOW|SPIKE_FADE|TREND_DOWN,-5.501947641536931,-0.1373210274975167,DAY_UNDERPERFORM,False,-7,WEAK_ANCHOR
688766,普冉股份,-5.626,2359281583.0,CLOSE_NEAR_LOW|SPIKE_FADE|TREND_DOWN,-3.566329608047369,-0.7162244000003981,DAY_UNDERPERFORM|LATE_UNDERPERFORM,False,-8,WEAK_ANCHOR
600206,有研新材,-6.197,2884092094.0,CLOSE_NEAR_LOW|LATE_WEAKNESS|SPIKE_FADE|TREND_DOWN,-5.030757930530815,-1.46701755848061,DAY_UNDERPERFORM|LATE_UNDERPERFORM,False,-8,WEAK_ANCHOR
688521,芯原股份,-11.341,5461671075.0,CLOSE_NEAR_LOW|SPIKE_FADE|TREND_DOWN,-9.902738786351016,-0.6229217077336036,DAY_UNDERPERFORM|LATE_UNDERPERFORM,False,-8,WEAK_ANCHOR
